ind,tm,sn,res,conc,temp,int,intnt,int0,intp,alg,tau,ymax,yp,tmax,tfst,texp,tend,adck,adcs,vcc,vcap,intpr
1,4/10/2025,4,0,0,24.5,3.740700006,3.721649885,1.609109998,2.112540007,1,0.461374998,7.299699783,4.590559959,0.181999996,,,0.319999993,0.997437,10.92679977,5092.689941,12611.90039,
2,4/10/2025,4,0,0,24.5,4.065989971,4.04527998,1.985309958,2.059969902,1,0.424378991,7.795939922,4.866260052,0.241999999,,,0.365999997,0.997497976,11.07789993,5094.569824,12619.5,
3,4/10/2025,4,0,0,24.5,6.76913023,6.734660149,2.559720039,4.174940109,1,0.814737976,7.534100056,5.137129784,0.211999997,,,0.448000014,0.997497976,10.92679977,5094,12615.09961,
4,4/10/2025,4,0,0,24.5,5.294270039,5.267310143,2.080699921,3.186609983,1,0.633038998,7.632699966,5.045839787,0.187999994,,,0.374000013,0.997619987,11.12819958,5092.490234,12615.09961,
5,4/10/2025,4,0,0,24.5,4.859570026,4.834819794,2.192280054,2.642529964,1,0.528455019,7.807990074,5.014570236,0.225999996,,,0.384000003,0.997192025,10.62469959,5088.839844,12605.40039,
6,4/10/2025,4,0,0,24.5,3.131330013,3.115380049,2.123070002,0.992316008,1,0.246722996,8.295180321,4.03181982,0.273999989,,,0.375999987,0.997559011,10.97719955,5094.439941,12616.2998,
7,4/10/2025,4,0,0,25,3.551779985,3.542740107,1.766829967,1.775900006,1,0.344154,8.676039696,5.172500134,0.211999997,,,0.31400001,0.997619987,11.12819958,5093.370117,12612.7002,
8,4/10/2025,4,0,0,25,3.335489988,3.326999903,1.877460003,1.449530005,1,0.309159994,8.357970238,4.699530125,0.228,,,0.330000013,0.997681022,10.97719955,5094.910156,12617.90039,
9,4/10/2025,4,0,0,25,4.161970139,4.151370049,2.137809992,2.013560057,1,0.370072007,8.969659805,5.455629826,0.238000005,,,0.345999986,0.997313976,10.82610035,5091.540039,12611.90039,
10,4/10/2025,4,0,0,25,4.421050072,4.409790039,1.89470005,2.515089989,1,0.526335001,7.387700081,4.79049015,0.200000003,,,0.351999998,0.997497976,10.92679977,5093.240234,12614.2998,
11,4/10/2025,4,0,0,25,5.51210022,5.498069763,2.318520069,3.179539919,1,0.628491998,7.645989895,5.071690083,0.228,,,0.409999996,0.997497976,10.92679977,5091.540039,12607.7998,
12,4/10/2025,4,0,0,25,4.066549778,4.056190014,1.83228004,2.223910093,1,0.454331011,7.757830143,4.908100128,0.203999996,,,0.335999995,0.997313976,10.67500019,5088.459961,12606.59961,
13,4/10/2025,4,0,0,25,7.059219837,7.041240215,2.337579966,4.703660011,1,0.992410004,6.858119965,4.752399921,0.178000003,,,0.465999991,0.997313976,10.72539997,5087.330078,12607,
14,4/10/2025,4,0,0,25,6.171860218,6.156139851,2.260469913,3.895669937,1,0.766610026,7.533040047,5.093500137,0.197999999,,,0.421999991,0.997681022,11.07789993,5090.330078,12617.90039,
15,4/10/2025,4,0,0,25,3.632230043,3.622980118,1.821259975,1.801720023,1,0.389483005,7.55396986,4.637829781,0.233999997,,,0.34799999,0.997437,10.82610035,5091.009766,12611.90039,
16,4/10/2025,4,0,0,25,2.924429893,2.916980028,1.860579967,1.056399941,1,0.256467015,8.268750191,4.130660057,0.233999997,,,0.335999995,0.997192025,10.62469959,5090.129883,12606.2002,
17,4/10/2025,4,0,0,25,5.936289787,5.921179771,2.293129921,3.628050089,1,0.687700987,7.901569843,5.289500237,0.192000002,,,0.39199999,0.997375011,10.77579975,5088.589844,12610.7002,
18,4/10/2025,4,0,0,25,3.430870056,3.422130108,1.869760036,1.552369952,1,0.322528005,8.380180359,4.825809956,0.217999995,,,0.319999993,0.997375011,10.77579975,5090.850098,12613.90039,
19,4/10/2025,4,0,0,25.5,5.011149883,5.011149883,2.244299889,2.766839981,1,0.521266997,8.211779594,5.322859764,0.230000004,,,0.379999995,0.997192025,10.67500019,5087.5,12605.7998,
20,4/10/2025,4,0,0,25.5,5.045650005,5.045650005,2.059400082,2.986259937,1,0.608440995,7.446010113,4.920969963,0.197999999,,,0.374000013,0.997375011,10.82610035,5090.350098,12608.59961,
21,4/10/2025,4,0,0,25.5,4.587880135,4.587880135,2.119659901,2.468219995,1,0.532266974,7.189390182,4.649390221,0.246000007,,,0.40200001,0.997375011,10.77579975,5090.660156,12612.2998,
22,4/10/2025,4,0,0,25.5,4.876699924,4.876699924,2.055860043,2.820839882,1,0.565744996,7.639339924,4.998270035,0.216000006,,,0.379999995,0.997559011,10.92679977,5092.549805,12615.90039,
23,4/10/2025,4,0,0,25.5,4.061309814,4.061309814,1.833220005,2.228090048,1,0.470717996,7.444859982,4.745269775,0.211999997,,,0.34799999,0.997497976,11.02750015,5092.299805,12614.2998,
24,4/10/2025,4,0,0,25.5,3.953239918,3.953239918,1.922019958,2.031219959,1,0.44343701,7.307439804,4.592110157,0.230000004,,,0.360000014,0.997497976,10.82610035,5092.049805,12612.7002,
25,4/10/2025,4,0,0,25.5,4.396309853,4.396309853,2.034359932,2.361949921,1,0.476664007,7.782129765,4.967299938,0.222000003,,,0.360000014,0.997559011,10.97719955,5090.97998,12614.7002,
26,4/10/2025,4,0,0,25.5,4.721300125,4.721300125,2.076570034,2.644730091,1,0.533192992,7.65557003,4.973229885,0.222000003,,,0.375999987,0.997375011,10.82610035,5090.350098,12608.59961,
27,4/10/2025,4,0,0,25.5,4.381299973,4.381299973,1.91989994,2.461400032,1,0.468668997,8.277170181,5.265389919,0.202000007,,,0.338,0.997437,10.77579975,5091.160156,12613.09961,
28,4/10/2025,4,0,0,25.5,4.851789951,4.851789951,2.083400011,2.76838994,1,0.511071026,8.418530464,5.431089878,0.208000004,,,0.356000006,0.997375011,10.77579975,5090.290039,12607.40039,
29,4/10/2025,4,0,0,25.5,3.390500069,3.390500069,1.839110017,1.551390052,1,0.346136987,7.515779972,4.494070053,0.238000005,,,0.340000004,0.997313976,10.67500019,5088.839844,12605.7998,
30,4/10/2025,4,0,0,25.5,5.350649834,5.350649834,2.1129601,3.237689972,1,0.678363025,7.145370007,4.785059929,0.202000007,,,0.398000002,0.997437,10.72539997,5091.72998,12609.40039,
31,4/10/2025,4,0,0,25.5,3.373790026,3.373790026,1.793470025,1.580320001,1,0.332103014,8.157320023,4.772819996,0.217999995,,,0.319999993,0.997008979,10.52400017,5088.959961,12605,
32,4/10/2025,4,0,0,25.5,3.458349943,3.458349943,2.032700062,1.425650001,1,0.28609401,9.307350159,4.995960236,0.224000007,,,0.326000005,0.997437,10.77579975,5092.759766,12615.5,
33,4/10/2025,4,0,0,25.5,4.413189888,4.413189888,2.04817009,2.365020037,1,0.451249987,8.331399918,5.254519939,0.217999995,,,0.349999994,0.997437,10.72539997,5091.740234,12611.90039,
34,4/10/2025,4,0,0,25.5,5.046559811,5.046559811,2.134130001,2.912430048,1,0.592531979,7.514890194,4.928170204,0.231999993,,,0.405999988,0.997375011,10.77579975,5089.399902,12609.90039,
35,4/10/2025,4,0,0,25.5,4.085720062,4.085720062,1.803949952,2.281769991,1,0.477553993,7.499959946,4.791200161,0.206,,,0.344000012,0.997253001,10.82610035,5092.799805,12612.7002,
36,4/10/2025,4,0,0,25.5,4.536129951,4.536129951,2.013360023,2.522769928,1,0.492828012,8.018910408,5.131499767,0.209999993,,,0.354000002,0.997559011,11.12819958,5093.5,12619.09961,
37,4/10/2025,4,0,0,25.5,4.156770229,4.156770229,1.986250043,2.170520067,1,0.425502986,8.183930397,5.11480999,0.217999995,,,0.342000008,0.997313976,10.72539997,5088.709961,12612.7002,
38,4/10/2025,4,0,0,25.5,4.815090179,4.815090179,2.092099905,2.722990036,1,0.527399004,8.036000252,5.176020145,0.222000003,,,0.377999991,0.997497976,10.92679977,5092.430176,12615.09961,
39,4/10/2025,4,0,0,25.5,3.459640026,3.459640026,1.668370008,1.791270018,1,0.370002002,7.981729984,4.854279995,0.203999996,,,0.312000006,0.997313976,10.77579975,5090.220215,12605.7998,
40,4/10/2025,4,0,0,26,5.212890148,5.226160049,2.278630018,2.947540045,1,0.552334011,8.23307991,5.350880146,0.219999999,,,0.381999999,0.997313976,10.67500019,5090.850098,12608.2002,
41,4/10/2025,4,0,0,26,3.724750042,3.734240055,1.849599957,1.884639978,1,0.388924003,7.877419949,4.857940197,0.230000004,,,0.342000008,0.997497976,10.82610035,5094.569824,12613.5,
42,4/10/2025,4,0,0,26,4.536379814,4.547929764,2.00090003,2.547029972,1,0.553535998,7.064970016,4.61262989,0.225999996,,,0.386000007,0.997559011,10.87650013,5092.169922,12612.2998,
43,4/10/2025,4,0,0,26,3.03354001,3.041260004,1.681620002,1.359640002,1,0.317853987,7.509769917,4.289619923,0.228,,,0.330000013,0.997192025,10.62469959,5089.759766,12606.2002,
44,4/10/2025,4,0,0,26,3.352220058,3.360759974,1.635830045,1.724930048,1,0.353991002,8.125200272,4.886529922,0.202000007,,,0.305999994,0.997192025,10.67500019,5090.080078,12610.7002,
45,4/10/2025,4,0,0,26,4.667950153,4.679840088,1.985389948,2.694459915,1,0.522373021,8.003769875,5.172949791,0.197999999,,,0.349999994,0.99713099,10.67500019,5088.459961,12606.59961,
46,4/10/2025,4,0,0,26,5.217889786,5.231170177,2.170819998,3.060349941,1,0.618139029,7.510369778,4.963630199,0.214000002,,,0.393999994,0.997437,10.77579975,5090.470215,12613.09961,
47,4/10/2025,4,0,0,26,4.560870171,4.572490215,1.958889961,2.613600016,1,0.545426011,7.377570152,4.803870201,0.208000004,,,0.365999997,0.997497976,10.87650013,5091.359863,12615.5,
48,4/10/2025,4,0,0,26,3.305399895,3.313819885,1.91455996,1.399260044,1,0.303344995,8.316530228,4.624899864,0.225999996,,,0.328000009,0.997375011,10.72539997,5088.209961,12611.90039,
49,4/10/2025,4,0,0,26,3.600039959,3.609210014,1.817330003,1.791880012,1,0.377045006,7.803679943,4.764939785,0.231999993,,,0.342000008,0.997375011,10.82610035,5091.540039,12611.90039,
50,4/10/2025,4,0,0,26,4.003819942,4.014019966,1.882069945,2.131949902,1,0.439323008,7.77779007,4.86646986,0.225999996,,,0.356000006,0.997192025,10.67500019,5088.390137,12606.59961,
51,4/10/2025,4,0.142000005,0.15,23,152.8339996,150.8880005,81.32089996,69.56749725,2,12.99639988,16.58200073,5.365260124,0.284000009,1.498000026,7.06799984,9.423999786,0.997681022,11.27929974,5092.47998,12620.2998,
52,4/10/2025,4,0.180000007,0.15,23,190.3999939,187.9759979,96.74359894,91.23220062,2,14.18859959,19.20899963,6.448460102,0.338,1.39199996,7.06799984,9.423999786,0.99713099,10.87650013,5088.330078,12614.7002,
53,4/10/2025,4,0.192000002,0.15,23,202.7590027,200.1779938,100.2170029,99.96009827,2,14.54290009,20.17900085,6.89068985,0.233999997,1.235999942,7.06799984,9.423999786,0.997497976,10.97719955,5089.660156,12619.5,
54,4/10/2025,4,0.186000004,0.15,23.5,196.8450012,194.8399963,103.987999,90.85199738,2,12.85420036,19.85919952,7.088630199,0.289999992,1.373999953,7.06799984,9.423999786,0.997070014,10.67500019,5087.259766,12611.7002,
55,4/10/2025,4,0.203999996,0.15,23.5,214.8730011,212.6849976,110.7300034,101.9540024,2,12.94929981,20.65379906,7.896009922,0.307999998,1.218000054,7.06799984,9.423999786,0.99713099,10.72539997,5087.830078,12611.90039,
56,4/10/2025,4,0.206,0.15,23.5,217.6869965,215.4700012,109.2050018,106.2649994,2,13.79950047,20.00810051,7.723750114,0.476000011,1.618000031,7.06799984,9.423999786,0.997008979,10.72539997,5086.890137,12607.40039,
57,4/10/2025,4,0.209999993,0.15,23.5,221.2949982,219.0410004,111.112999,107.9280014,2,13.54679966,20.53790092,7.991919994,0.307999998,1.613999963,7.06799984,9.423999786,0.996887028,10.67500019,5087.470215,12607.7998,
58,4/10/2025,4,0.211999997,0.15,24,223.8650055,222.1549988,108.1940002,113.9599991,2,15.08530045,20.02569962,7.575650215,0.230000004,1.621999979,7.06799984,9.423999786,0.997192025,10.77579975,5088.810059,12612.2998,
59,4/10/2025,4,0.209000006,0.15,24,220.1369934,218.4550018,104.9430008,113.512001,2,15.55340004,19.81069946,7.318779945,0.282000005,1.309999943,7.06799984,9.423999786,0.997192025,10.67500019,5088.370117,12613.09961,
60,4/10/2025,4,0.207000002,0.15,24,217.8739929,216.2100067,101.6439972,114.5660019,2,15.77280045,18.93689919,7.282599926,0.432000011,1.620000005,7.06799984,9.423999786,0.997375011,10.82610035,5090.100098,12615.09961,
61,4/10/2025,4,0.221000001,0.15,24,232.2700043,230.4960022,105.4840012,125.012001,2,16.76399994,20.11930084,7.477729797,0.257999986,1.355999947,7.06799984,9.423999786,0.997253001,10.67500019,5089.720215,12609,
62,4/10/2025,4,0.201000005,0.15,24.5,211.6909943,210.6130066,107.4869995,103.1259995,2,13.66300011,20.20499992,7.567659855,0.275999993,1.49000001,7.06799984,9.423999786,0.997375011,10.77579975,5092.870117,12614.7002,
63,4/10/2025,4,0.200000003,0.15,24.5,211.3190002,210.2429962,100.8089981,109.4339981,2,15.44919968,19.38800049,7.103879929,0.270000011,1.381999969,7.06799984,9.423999786,0.99713099,10.62469959,5087.709961,12604.7002,
64,4/10/2025,4,0.196999997,0.15,24.5,207.8480072,206.7890015,105.5139999,101.2750015,2,13.63140011,20.05940056,7.451399803,0.296000004,1.565999985,7.06799984,9.423999786,0.997070014,10.37290001,5088.149902,12606.2002,
65,4/10/2025,4,0.217999995,0.15,24.5,229.5980072,228.4290009,104.6039963,123.8259964,2,16.79529953,19.92169952,7.392029762,0.268000007,1.45599997,7.06799984,9.423999786,0.997375011,10.72539997,5091.290039,12615.09961,
66,4/10/2025,4,0.214000002,0.15,24.5,225.4869995,224.3390045,103.3550034,120.9840012,2,16.72500038,19.96570015,7.253640175,0.280000001,1.25999999,7.06799984,9.423999786,0.997253001,10.57429981,5089.149902,12605,
67,4/10/2025,4,0.213,0.15,25,224.447998,223.8769989,100.3610001,123.5159988,2,16.98180008,19.25180054,7.294799805,0.266000003,1.307999969,7.06799984,9.423999786,0.997070014,10.47360039,5090.220215,12604.59961,
68,4/10/2025,4,0.225999996,0.15,25,237.4219971,236.8179932,103.8160019,133.0019989,2,17.98970032,19.77669907,7.414470196,0.273999989,1.521999955,7.06799984,9.423999786,0.99713099,10.47360039,5090.029785,12607.40039,
69,4/10/2025,4,0.203999996,0.15,25,215.1759949,214.6289978,106.9079971,107.7200012,2,14.03450012,20.47480011,7.699369907,0.268000007,1.491999984,7.06799984,9.423999786,0.996887028,10.22189999,5087.779785,12601.7998,
70,4/10/2025,4,0.231000006,0.15,25,243.151001,242.5319977,106.8850021,135.6470032,2,17.48550034,20.99110031,7.780930042,0.300000012,1.258000016,7.06799984,9.423999786,0.997008979,10.32260036,5088.52002,12601.7998,
71,4/10/2025,4,0.204999998,0.15,25,215.970993,215.4210052,107.4369965,107.9840012,2,14.1072998,20.50550079,7.678880215,0.289999992,1.312000036,7.06799984,9.423999786,0.996825993,10.32260036,5090.350098,12598.59961,
72,4/10/2025,4,0.208000004,0.15,25.5,219.7409973,219.7409973,103.8560028,115.8850021,2,16.10370064,19.8845005,7.218659878,0.412,1.342000008,7.06799984,9.423999786,0.996887028,10.22189999,5090.169922,12598.59961,
73,4/10/2025,4,0.207000002,0.15,25.5,218.7400055,218.7400055,103.3789978,115.3610001,2,15.13389969,19.60759926,7.643209934,0.30399999,1.25,7.06799984,9.423999786,0.997313976,10.47360039,5090.540039,12605.7998,
74,4/10/2025,4,0.213,0.15,25.5,224.2550049,224.2550049,103.8960037,120.3600006,2,16.4939003,19.88489914,7.320010185,0.217999995,1.187999964,7.06799984,9.423999786,0.996887028,10.17150021,5088.330078,12595.7998,
75,4/10/2025,4,0.192000002,0.15,25.5,203.4309998,203.4309998,103.7630005,99.66850281,2,14.14890003,20.15279961,7.065410137,0.261999995,1.378000021,7.06799984,9.423999786,0.997008979,10.27219963,5089.089844,12599,
76,4/10/2025,4,0.218999997,0.15,25.5,230.6360016,230.6360016,104.7289963,125.9059982,2,17.10009956,20.23550034,7.383619785,0.272000015,1.320000052,7.06799984,9.423999786,0.997192025,10.32260036,5089.310059,12603.7998,
77,4/10/2025,4,0.224000007,0.15,26,235.9470062,236.5469971,102.9069977,133.6410065,2,18.5114994,19.78680038,7.241429806,0.319999993,1.284000039,7.06799984,9.423999786,0.996948004,10.17150021,5087.009766,12595.7998,
78,4/10/2025,4,0.180999994,0.15,26,192.272995,192.7619934,104.1669998,88.59539795,2,12.12609959,20.1522007,7.328529835,0.266000003,1.312000036,7.06799984,9.423999786,0.996948004,10.27219963,5087.330078,12599,
79,4/10/2025,4,0.209999993,0.15,26,221.6589966,222.223999,109.5739975,112.6500015,2,14.08990002,20.27440071,8.021050453,0.476000011,1.506000042,7.06799984,9.423999786,0.996765018,10.02040005,5086.319824,12594.5,
80,4/10/2025,4,0.223000005,0.15,26,234.1349945,234.7310028,103.6360016,131.0939941,2,17.96150017,20.10070038,7.32006979,0.273999989,1.536000013,7.06799984,9.423999786,0.997070014,10.22189999,5088.589844,12601.7998,
81,4/10/2025,4,0.197999999,0.15,26,209.4019928,209.9349976,102.9029999,107.0319977,2,14.52770042,19.4204998,7.389579773,0.246000007,1.363999963,7.06799984,9.423999786,0.997008979,10.12119961,5086.259766,12599.40039,
82,4/10/2025,4,0.206,0.15,26,217.4700012,218.0240021,103.8700027,114.1539993,2,15.36489964,20.50099945,7.451859951,0.275999993,1.138000011,7.06799984,9.423999786,0.997008979,10.17150021,5088.649902,12595.7998,
83,4/10/2025,4,0.215000004,0.15,26,226.7610016,227.3379974,104.512001,122.8259964,2,16.11000061,20.18670082,7.647069931,0.319999993,1.317999959,7.06799984,9.423999786,0.997008979,10.27219963,5088.149902,12597.40039,
84,4/10/2025,4,0.208000004,0.15,26,219.3009949,219.8589935,101.3550034,118.5049973,2,16.42740059,19.21439934,7.237699986,0.257999986,1.388000011,7.06799984,9.423999786,0.996703982,10.02040005,5086.700195,12597,
85,4/10/2025,4,0.202000007,0.15,26,213.0249939,213.5670013,101.1520004,112.4160004,2,15.73169994,20.82780075,7.169000149,0.261999995,0.938000023,7.06799984,9.423999786,0.996765018,10.07079983,5087.080078,12594.09961,
86,4/10/2025,4,0.213,0.15,26.5,224.1029968,225.2449951,106.4199982,118.8249969,2,15.42350006,21.16340065,7.727729797,0.272000015,1.268000007,7.06799984,9.423999786,0.996948004,10.07079983,5089.220215,12596.59961,
87,4/10/2025,4,0.224000007,0.15,26.5,235.6470032,236.8470001,110.0390015,126.8079987,2,16.2845993,21.10160065,7.811309814,0.331999987,1.269999981,7.06799984,9.423999786,0.996887028,10.07079983,5086.77002,12595.7998,
88,4/10/2025,4,0.209999993,0.15,26.5,221.7660065,222.8959961,105.2789993,117.6159973,2,15.78390026,20.35309982,7.474490166,0.25999999,1.25999999,7.06799984,9.423999786,0.996948004,10.07079983,5088.02002,12593.2998,
89,4/10/2025,4,0.202000007,0.15,26.5,212.9989929,214.0839996,103.8990021,110.1849976,2,15.10200024,20.16020012,7.32020998,0.286000013,1.373999953,7.06799984,9.423999786,0.996703982,9.919739723,5087.450195,12590.5,
90,4/10/2025,4,0.219999999,0.15,26.5,231.7279968,232.9080048,104.8499985,128.0579987,2,17.27140045,20.11910057,7.43941021,0.228,1.371999979,7.06799984,9.423999786,0.996643007,9.819029808,5084.040039,12588.90039,
91,4/10/2025,4,0.199000001,0.15,26.5,210.4779968,211.5500031,102.6080017,108.9420013,2,15.27569962,20.20079994,7.155290127,0.252000004,1.44599998,7.06799984,9.423999786,0.996703982,9.970089912,5087.77002,12588.5,
92,4/10/2025,4,0.221000001,0.15,26.5,232.6829987,233.8679962,102.2289963,131.6390076,2,17.88750076,20.26049995,7.383150101,0.344000012,1.256000042,7.06799984,9.423999786,0.996765018,9.970089912,5088.709961,12594.09961,
93,4/10/2025,4,0.194999993,0.15,26.5,206.5130005,207.5650024,106.0049973,101.5599976,2,13.47700024,20.47680092,7.557929993,0.331999987,1.411999941,7.06799984,9.423999786,0.997070014,10.12119961,5090.540039,12597.7998,
94,4/10/2025,4,0.224000007,0.15,26.5,235.8589935,237.0599976,104.5319977,132.5279999,2,17.14819908,20.01250076,7.752540112,0.246000007,1.327999949,7.06799984,9.423999786,0.996887028,10.12119961,5090.160156,12596.2002,
95,4/10/2025,4,0.211999997,0.15,26.5,223.3840027,224.5220032,105.6959991,118.8259964,2,15.49660015,20.35289955,7.692279816,0.266000003,1.363999963,7.06799984,9.423999786,0.996825993,9.970089912,5088.779785,12596.59961,
96,4/10/2025,4,0.204999998,0.15,26.5,215.9700012,217.0700073,107.2939987,109.776001,2,14.4762001,20.34569931,7.609210014,0.231999993,1.269999981,7.06799984,9.423999786,0.996581972,9.819029808,5086.819824,12586.5,
97,4/10/2025,4,0.213,0.15,26.5,224.8589935,226.0039978,108.0599976,117.9440002,2,15.21090031,20.93050003,7.779560089,0.331999987,1.241999984,7.06799984,9.423999786,0.996703982,9.819029808,5085.569824,12592.09961,
98,4/10/2025,4,0.228,0.15,26.5,239.5469971,240.7669983,107.1920013,133.5749969,2,17.45199966,20.11160088,7.678679943,0.384000003,1.332000017,7.06799984,9.423999786,0.996765018,9.919739723,5087.580078,12591.2998,
99,4/10/2025,4,0.266000003,0.15,27,278.2090149,280.3340149,110.8720016,169.4629974,2,21.56710052,20.95730019,7.882969856,0.326000005,1.383999944,7.06799984,9.423999786,0.996765018,9.869379997,5085.189941,12585.2998,
100,4/10/2025,4,0.245000005,0.15,27,256.4259949,258.3850098,110.3830032,148.0019989,2,18.10029984,20.85309982,8.202329636,0.282000005,1.266000032,7.06799984,9.423999786,0.996887028,9.970089912,5089.160156,12593.2998,
101,4/10/2025,4,0.400999993,0.475,24,415.4930115,412.3190002,217.9490051,194.3699951,2,12.83920002,35.97969818,15.17590046,0.606000006,2.638000011,7.06799984,9.423999786,0.997559011,11.27929974,5092.740234,12617.90039,
102,4/10/2025,4,0.481999993,0.475,24,497.5109863,493.7109985,237.2590027,256.4519958,2,15.07250023,38.34889984,17.06240082,0.526000023,2.736000061,7.06799984,9.423999786,0.997192025,10.77579975,5088.259766,12614.7002,
103,4/10/2025,4,0.495000005,0.475,24,511.5710144,507.6629944,241.4980011,266.1650085,2,15.10459995,38.6515007,17.67099953,0.601999998,2.951999903,7.06799984,9.423999786,0.997192025,10.92679977,5090.319824,12611.90039,
104,4/10/2025,4,0.490999997,0.475,24,507.4670105,503.5910034,237.3289948,266.2619934,2,15.42660046,38.11729813,17.31060028,0.432000011,2.865999937,7.06799984,9.423999786,0.997070014,10.67500019,5088.779785,12608.5,
105,4/10/2025,4,0.479999989,0.475,24.5,495.9970093,493.4710083,238.2409973,255.2299957,2,14.45149994,37.52740097,17.71080017,0.617999971,2.90199995,7.06799984,9.423999786,0.997192025,10.72539997,5091.390137,12609.40039,
106,4/10/2025,4,0.5,0.475,24.5,516.6630249,514.0310059,235.9389954,278.0920105,2,15.97140026,36.53120041,17.45879936,0.912,2.849999905,7.06799984,9.423999786,0.997313976,10.82610035,5091.040039,12613.5,
107,4/10/2025,4,0.521000028,0.475,24.5,538.7730103,536.0289917,235.1909943,300.8380127,2,16.93429947,36.88299942,17.81509972,0.522000015,2.849999905,7.06799984,9.423999786,0.997192025,10.72539997,5090.399902,12609.40039,
108,4/10/2025,4,0.523999989,0.475,25,541.8959961,540.5159912,230.5209961,309.993988,2,17.96080017,36.40209961,17.30809975,0.515999973,2.915999889,7.06799984,9.423999786,0.997192025,10.62469959,5090.629883,12606.2002,
109,4/10/2025,4,0.486999989,0.475,25,502.9289856,501.6489868,233.227005,268.42099,2,15.16149998,36.74649811,17.75510025,0.44600001,2.721999884,7.06799984,9.423999786,0.99713099,10.62469959,5089.970215,12604.59961,
110,4/10/2025,4,0.51700002,0.475,25,534.4949951,533.1339722,232.2230072,300.9110107,2,16.75270081,36.40819931,18.01580048,0.575999975,2.808000088,7.06799984,9.423999786,0.997008979,10.47360039,5089.399902,12603.7998,
111,4/10/2025,4,0.51700002,0.475,25,534.7269897,533.3649902,231.8289948,301.5360107,2,16.84440041,35.64989853,17.95269966,0.745999992,3.487999916,7.06799984,9.423999786,0.99713099,10.57429981,5090.660156,12606.59961,
112,4/10/2025,4,0.531000018,0.475,25.5,549.8300171,549.8300171,233.7259979,316.1040039,2,18.00690079,36.59780121,17.60619926,0.546000004,3.062000036,7.06799984,9.423999786,0.997070014,10.57429981,5090.660156,12602.2002,
113,4/10/2025,4,0.503000021,0.475,25.5,520.1699829,520.1699829,233.2330017,286.9370117,2,16.35269928,36.37599945,17.59939957,0.583999991,2.946000099,7.06799984,9.423999786,0.997008979,10.37290001,5087.450195,12601.40039,
114,4/10/2025,4,0.518999994,0.475,25.5,536.6610107,536.6610107,233.5749969,303.0849915,2,16.91230011,36.39789963,17.97590065,0.495999992,3.038000107,7.06799984,9.423999786,0.996948004,10.32260036,5089.089844,12601,
115,4/10/2025,4,0.532000005,0.475,25.5,550.7080078,550.7080078,232.5249939,318.1820068,2,18.07920074,35.98020172,17.65209961,0.572000027,2.957999945,7.06799984,9.423999786,0.997008979,10.37290001,5088.899902,12599,
116,4/10/2025,4,0.522000015,0.475,26,539.9689941,541.3439941,234.4519958,306.8919983,2,17.28350067,36.38479996,17.80529976,0.349999994,3.252000093,7.06799984,9.423999786,0.997253001,10.67500019,5091.100098,12605.7998,
117,4/10/2025,4,0.526000023,0.475,26,544.0880127,545.4730225,233.5610046,311.9119873,2,17.44919968,36.1733017,17.93239975,0.398000002,3.161999941,7.06799984,9.423999786,0.996825993,10.32260036,5087.009766,12597.7998,
118,4/10/2025,4,0.546999991,0.475,26,567.1610107,568.6049805,232.7929993,335.8120117,2,18.78129959,36.20890045,17.93490028,0.74000001,2.855999947,7.06799984,9.423999786,0.996948004,10.22189999,5087.709961,12598.59961,
119,4/10/2025,4,0.512000024,0.475,26,529.0620117,530.4099731,232.8159943,297.5939941,2,16.38689995,36.15570068,18.21159935,0.635999978,2.599999905,7.06799984,9.423999786,0.997192025,10.37290001,5090.5,12600.2002,
120,4/10/2025,4,0.546999991,0.475,26,566.1669922,567.6090088,234.7920074,332.8179932,2,18.14789963,35.63980103,18.39419937,0.419999987,3.415999889,7.06799984,9.423999786,0.997008979,10.17150021,5088.589844,12595.7998,
121,4/10/2025,4,0.551999986,0.475,26,571.6019897,573.0570068,235.5350037,337.5230103,2,18.43549919,35.99020004,18.3621006,0.620000005,3.115999937,7.06799984,9.423999786,0.997070014,10.37290001,5089.279785,12599.7998,
122,4/10/2025,4,0.532000005,0.475,26,551.0570068,552.460022,234.4519958,318.0079956,2,17.32659912,36.11360168,18.40769958,0.551999986,3.25,7.06799984,9.423999786,0.997070014,10.32260036,5089.339844,12604.2002,
123,4/10/2025,4,0.523000002,0.475,26.5,540.7990112,543.5529785,230.7539978,312.7980042,2,17.36540031,35.24520111,18.06559944,0.737999976,3.082000017,7.06799984,9.423999786,0.997070014,10.32260036,5089.720215,12600.2002,
124,4/10/2025,4,0.574000001,0.475,26,594.8980103,596.4119873,232.4570007,363.9559937,2,19.95369911,35.65399933,18.29920006,0.625999987,3.157999992,7.06799984,9.423999786,0.996765018,10.12119961,5086.700195,12593.7002,
125,4/10/2025,4,0.540000021,0.475,26.5,559.2689819,562.1170044,230.822998,331.2940063,2,18.52249908,35.44189835,17.93860054,0.505999982,3.257999897,7.06799984,9.423999786,0.997070014,10.27219963,5088.52002,12599,
126,4/10/2025,4,0.515999973,0.475,26.5,533.8889771,536.6079712,231.4380035,305.1700134,2,16.84880066,35.84410095,18.17000008,0.586000025,2.825999975,7.06799984,9.423999786,0.996825993,10.07079983,5086.890137,12590.09961,
127,4/10/2025,4,0.550999999,0.475,26.5,571.3060303,574.2150269,235.0039978,339.2109985,2,18.57290077,36.14659882,18.32080078,0.460000008,3.266000032,7.06799984,9.423999786,0.996887028,10.12119961,5089.600098,12594.5,
128,4/10/2025,4,0.52700001,0.475,26.5,545.9130249,548.6939697,232.4949951,316.1990051,2,17.4428997,36.06110001,18.18320084,0.515999973,2.670000076,7.06799984,9.423999786,0.996948004,10.17150021,5089.839844,12597.40039,
129,4/10/2025,4,0.546999991,0.475,26.5,566.6129761,569.4990234,231.1080017,338.3909912,2,18.50839996,35.65999985,18.33580017,0.456,2.992000103,7.06799984,9.423999786,0.99713099,10.27219963,5089.589844,12590.90039,
130,4/10/2025,4,0.54400003,0.475,26.5,563.4119873,566.2810059,231.0500031,335.2309875,2,18.43689919,35.13679886,18.23940086,0.50999999,2.880000114,7.06799984,9.423999786,0.996887028,10.02040005,5088.72998,12595.2998,
131,4/10/2025,4,0.561999977,0.475,26.5,582.3599854,585.3259888,231.2389984,354.0870056,2,19.49110031,35.03860092,18.22220039,0.400000006,3.269999981,7.06799984,9.423999786,0.996948004,10.07079983,5089.149902,12591.7002,
132,4/10/2025,4,0.536000013,0.475,26.5,555.4559937,558.2849731,230.0859985,328.2000122,2,18.03980064,35.31349945,18.24650002,0.648000002,3.15199995,7.06799984,9.423999786,0.997070014,10.22189999,5089.850098,12601,
133,4/10/2025,4,0.573000014,0.475,26.5,594.5280151,597.5549927,232.0189972,365.5369873,2,19.89550018,35.27740097,18.43020058,0.603999972,3.256000042,7.06799984,9.423999786,0.996887028,10.07079983,5088.669922,12590.09961,
134,4/10/2025,4,0.568000019,0.475,26.5,589.3239746,592.3250122,229.5339966,362.7909851,2,19.7031002,35.32440186,18.4715004,0.479999989,2.915999889,7.06799984,9.423999786,0.996825993,9.970089912,5085.310059,12593.2998,
135,4/10/2025,4,0.547999978,0.475,26.5,568.0819702,570.9749756,231.8509979,339.1239929,2,18.82889938,35.10889816,18.0659008,0.60799998,3.155999899,7.06799984,9.423999786,0.996948004,10.07079983,5087.200195,12593.2998,
136,4/10/2025,4,0.529999971,0.475,26.5,548.7189941,551.5139771,229.3589935,322.1539917,2,17.78030014,34.81340027,18.17180061,0.460000008,2.788000107,7.06799984,9.423999786,0.997070014,10.12119961,5088.839844,12595.2998,
137,4/10/2025,4,0.620000005,0.475,26.5,643.8980103,647.177002,231.5269928,415.6499939,2,22.82139969,34.97359848,18.26779938,0.55400002,3.069999933,7.06799984,9.423999786,0.997008979,10.22189999,5089.339844,12597.7998,
138,4/10/2025,4,0.540000021,0.475,26.5,558.9550171,561.802002,227.5160065,334.2860107,2,18.50040054,34.62779999,18.12439919,0.657999992,2.987999916,7.06799984,9.423999786,0.996948004,10.12119961,5088.02002,12591.2998,
139,4/10/2025,4,0.564999998,0.475,26.5,585.5269775,588.5089722,231.2310028,357.2780151,2,19.70700073,34.68870163,18.18610001,0.370000005,3.318000078,7.06799984,9.423999786,0.996887028,9.970089912,5088.040039,12588.5,
140,4/10/2025,4,0.584999979,0.475,27,606.8729858,611.5089722,231.8179932,379.6910095,2,20.04879951,34.95280075,19.00099945,0.472000003,3.380000114,7.06799984,9.423999786,0.996703982,9.919739723,5086.319824,12591.2998,
141,4/10/2025,4,0.568000019,0.475,26.5,588.3989868,591.3950195,228.253006,363.1419983,2,20.09160042,34.46559906,18.13069916,0.298000008,3.232000113,7.06799984,9.423999786,0.996887028,9.970089912,5087.47998,12590.90039,
142,4/10/2025,4,0.556999981,0.475,27,577.2819824,581.6920166,225.2779999,356.4140015,2,19.57900047,34.07920074,18.25629997,0.477999985,3.400000095,7.06799984,9.423999786,0.99713099,10.12119961,5089.529785,12596.2002,
143,4/10/2025,4,0.611999989,0.475,27,635.25,640.1030273,230.4689941,409.6340027,2,22.19790077,34.91009903,18.51129913,0.568000019,3.415999889,7.06799984,9.423999786,0.996887028,9.919739723,5086.100098,12589.7002,
144,4/10/2025,4,0.577000022,0.475,27,598.2630005,602.8330078,229.3880005,373.4450073,2,20.33049965,34.74020004,18.42490005,0.495999992,3.253999949,7.06799984,9.423999786,0.996948004,10.02040005,5087.009766,12588.90039,
145,4/10/2025,4,0.578999996,0.475,27,600.3120117,604.8980103,228.9949951,375.9020081,2,20.33939934,34.65100098,18.53919983,0.412,2.960000038,7.06799984,9.423999786,0.996887028,10.02040005,5087.350098,12593.7002,
146,4/10/2025,4,0.558000028,0.475,27,578.6500244,583.0700073,227.6580048,355.4119873,2,19.27140045,34.88589859,18.5,0.377999991,3.084000111,7.06799984,9.423999786,0.996887028,9.970089912,5088.629883,12588.5,
147,4/10/2025,4,0.575999975,0.475,27,597.0529785,601.6140137,228.1439972,373.4710083,2,20.36940002,34.59360123,18.3932991,0.663999975,2.78399992,7.06799984,9.423999786,0.996825993,9.970089912,5086.700195,12590.90039,
148,4/10/2025,4,0.55400002,0.475,27,573.6220093,578.0040283,226.9179993,351.0859985,2,19.37999916,33.93899918,18.17239952,0.407999992,3.247999907,7.06799984,9.423999786,0.996887028,10.12119961,5088.089844,12588.09961,
149,4/10/2025,4,0.583000004,0.475,27,605.2119751,609.835022,226.2940063,383.5409851,2,20.80859947,33.85100174,18.4939003,0.449999988,3.319999933,7.06799984,9.423999786,0.996643007,9.869379997,5085.75,12586.09961,
150,4/10/2025,4,0.540000021,0.475,27,559.5980225,563.8729858,224.8470001,339.026001,2,19.06949997,33.85540009,17.83390045,0.527999997,3.119999886,7.06799984,9.423999786,0.996887028,10.02040005,5086.830078,12588.90039,
151,4/10/2025,4,0.707000017,0.852,25,736.2999878,734.4249878,325.3110046,409.1149902,2,16.11910057,47.45959854,25.44129944,0.913999975,4.038000107,7.06799984,9.423999786,0.997619987,10.82610035,5093.620117,12613.5,
152,4/10/2025,4,0.816999972,0.852,25,853.4680176,851.2949829,338.9020081,512.3930054,2,18.96839905,48.99919891,27.09560013,0.603999972,3.90199995,7.06799984,9.423999786,0.996948004,10.32260036,5087.640137,12603.40039,
153,4/10/2025,4,0.819000006,0.852,25.5,855.0770264,855.0770264,342.9729919,512.1040039,2,18.66749954,49.18840027,27.5067997,0.786000013,4.296000004,7.06799984,9.423999786,0.997313976,10.52400017,5091.100098,12608.59961,
154,4/10/2025,4,0.828000009,0.852,25.5,864.4219971,864.4219971,339.6940002,524.7280273,2,19.02879906,48.91030121,27.66150093,0.671999991,4.230000019,7.06799984,9.423999786,0.996887028,10.12119961,5087.660156,12601,
155,4/10/2025,4,0.822000027,0.852,25.5,858.1939697,858.1939697,338.4490051,519.7449951,2,18.96030045,48.15859985,27.49620056,0.620000005,4.415999889,7.06799984,9.423999786,0.996948004,10.12119961,5085.569824,12601,
156,4/10/2025,4,0.823000014,0.852,25.5,858.8709717,858.8709717,338.3179932,520.5540161,2,18.91430092,47.82830048,27.60930061,0.49000001,4.383999825,7.06799984,9.423999786,0.996825993,9.970089912,5086.189941,12595.7998,
157,4/10/2025,4,0.834999979,0.852,25.5,871.7020264,871.7020264,337.776001,533.9260254,2,19.41580009,47.60390091,27.57699966,0.815999985,4.31799984,7.06799984,9.423999786,0.997192025,10.37290001,5089.189941,12609,
158,4/10/2025,4,0.852999985,0.852,25.5,890.7119751,890.7119751,332.3580017,558.3540039,2,20.65460014,47.53079987,27.11910057,0.55400002,4.164000034,7.06799984,9.423999786,0.996825993,10.17150021,5086.569824,12599,
159,4/10/2025,4,0.861999989,0.852,25.5,899.2379761,899.2379761,333.8359985,565.4019775,2,20.72389984,47.31280136,27.36109924,0.621999979,4.329999924,7.06799984,9.423999786,0.99713099,10.37290001,5088.959961,12602.7002,
160,4/10/2025,4,0.787,0.852,25.5,820.8850098,820.8850098,330.2990112,490.5859985,2,18.32839966,47.13700104,26.84840012,0.68599999,4.397999763,7.06799984,9.423999786,0.996948004,10.12119961,5087.450195,12600.2002,
161,4/10/2025,4,0.837000012,0.852,26,874.039978,876.2650146,330.8630066,545.4019775,2,19.97909927,46.58840179,27.38220024,0.512000024,4.412000179,7.06799984,9.423999786,0.996948004,10.07079983,5086.379883,12593.2998,
162,4/10/2025,4,0.816999972,0.852,26,853.3870239,855.5599976,329.105011,526.4550171,2,19.57010078,46.17039871,26.98819923,0.899999976,4.737999916,7.06799984,9.423999786,0.996765018,10.02040005,5083.680176,12597.7998,
163,4/10/2025,4,0.875,0.852,26,910.1140137,912.4310303,329.5549927,582.8770142,2,21.22520065,46.13610077,27.54899979,0.617999971,4.785999775,7.06799984,9.423999786,0.996825993,10.12119961,5087.580078,12596.2002,
164,4/10/2025,4,0.85799998,0.852,26,895.7890015,898.0700073,326.2900085,571.7789917,2,21.04039955,45.65840149,27.25849915,0.851999998,4.438000202,7.06799984,9.423999786,0.996948004,10.12119961,5088.149902,12598.59961,
165,4/10/2025,4,0.838,0.852,26,875.7080078,877.9370117,325.625,552.3120117,2,20.32139969,45.49300003,27.26040077,0.846000016,4.903999805,7.06799984,9.423999786,0.997008979,10.17150021,5087.52002,12598.2002,
166,4/10/2025,4,0.861999989,0.852,26,899.4650269,901.7550049,322.5079956,579.2470093,2,21.60540009,45.20550156,26.8939991,0.569999993,4.237999916,7.06799984,9.423999786,0.996887028,10.12119961,5087.77002,12597.7998,
167,4/10/2025,4,0.838999987,0.852,26,876.1010132,878.3319702,320.7479858,557.5839844,2,20.91300011,44.41490173,26.74530029,0.568000019,4.323999882,7.06799984,9.423999786,0.996887028,10.07079983,5087.709961,12594.90039,
168,4/10/2025,4,0.837000012,0.852,26,874.4719849,876.6989746,323.5320129,553.1669922,2,20.48940086,45.16790009,27.07869911,0.614000022,4.43200016,7.06799984,9.423999786,0.997008979,10.17150021,5087.140137,12599.7998,
169,4/10/2025,4,0.924000025,0.852,26,950.9450073,953.3660278,320.8009949,632.5650024,2,23.42720032,44.55820084,27.08399963,0.569999993,4.708000183,7.06799984,9.423999786,0.996948004,10.17150021,5087.959961,12598.2002,
170,4/10/2025,4,0.894999981,0.852,26,926.7719727,929.132019,314.9989929,614.1329956,2,23.12789917,44.35829926,26.63669968,0.638000011,4.446000099,7.06799984,9.423999786,0.996887028,10.02040005,5087.459961,12595.2998,
171,4/10/2025,4,0.898000002,0.852,26,928.8619995,931.2280273,317.1929932,614.0349731,2,23.06970024,44.31259918,26.70619965,0.691999972,4.789999962,7.06799984,9.423999786,0.996643007,9.869379997,5086.560059,12593.2998,
172,4/10/2025,4,0.819000006,0.852,26,854.8959961,857.072998,316.2200012,540.8530273,2,20.50720024,44.16320038,26.45610046,0.730000019,4.592000008,7.06799984,9.423999786,0.996887028,10.07079983,5089.779785,12598.2002,
173,4/10/2025,4,0.882000029,0.852,26,916.1489868,918.4819946,313.5690002,604.9130249,2,23.02000046,43.81309891,26.35650063,0.698000014,4.811999798,7.06799984,9.423999786,0.997008979,10.02040005,5089.850098,12597,
174,4/10/2025,4,0.959999979,0.852,26,980.8280029,983.3250122,315.3739929,667.9509888,2,24.89089966,43.51409912,26.91900063,0.508000016,4.815999985,7.06799984,9.423999786,0.996887028,10.07079983,5091.47998,12591.7002,
175,4/10/2025,4,0.865999997,0.852,26,902.8930054,905.1920166,314.4660034,590.7260132,2,22.17250061,43.12870026,26.72879982,0.588,4.857999802,7.06799984,9.423999786,0.996765018,9.919739723,5089.850098,12591.2998,
176,4/10/2025,4,0.856999993,0.852,26,894.8670044,897.1459961,314.6910095,582.4550171,2,21.77490044,43.4197998,26.83569908,0.486000001,4.842000008,7.06799984,9.423999786,0.996765018,9.970089912,5092.930176,12598.2002,
177,4/10/2025,4,0.887000024,0.852,26,920.1259766,922.4689941,311.8169861,610.6519775,2,23.03120041,42.75699997,26.59199905,0.547999978,4.854000092,7.06799984,9.423999786,0.997070014,10.17150021,5092.430176,12599,
178,4/10/2025,4,0.967999995,0.852,26,987.9879761,990.5040283,310.6140137,679.8900146,2,25.5340004,43.32649994,26.71170044,0.628000021,4.642000198,7.06799984,9.423999786,0.996825993,9.970089912,5091.22998,12597.40039,
179,4/10/2025,4,0.846000016,0.852,26,883.4879761,885.7379761,310.0429993,575.6939697,2,21.81550026,42.73320007,26.46520042,0.547999978,4.631999969,7.06799984,9.423999786,0.99713099,10.17150021,5092.740234,12601.2002,
180,4/10/2025,4,0.935000002,0.852,26,959.8150024,962.2600098,311.0369873,651.2230225,2,24.64500046,43.39630127,26.5034008,0.560000002,4.691999912,7.06799984,9.423999786,0.997008979,10.12119961,5091.990234,12601.7998,
181,4/10/2025,4,0.958999991,0.852,26,980.3049927,982.8010254,307.5270081,675.2750244,2,25.77939987,42.78250122,26.27289963,0.572000027,4.769999981,7.06799984,9.423999786,0.997008979,10.12119961,5094.379883,12599.40039,
182,4/10/2025,4,0.86500001,0.852,26,901.4180298,903.7130127,305.5299988,598.184021,2,22.89299965,41.50439835,26.20639992,0.660000026,5.228000164,7.06799984,9.423999786,0.997070014,10.22189999,5094.189941,12600.2002,
183,4/10/2025,4,0.897000015,0.852,26,928.7470093,931.1119995,303.1010132,628.0109863,2,24.4015007,41.2745018,25.81539917,0.64200002,5.102000237,7.06799984,9.423999786,0.996948004,10.17150021,5092.160156,12599,
184,4/10/2025,4,0.884000003,0.852,26,917.4199829,919.7559814,304.4299927,615.3259888,2,23.72450066,41.80939865,26.01409912,0.49000001,4.56799984,7.06799984,9.423999786,0.997008979,10.17150021,5093.240234,12599.7998,
185,4/10/2025,4,0.864000022,0.852,26,900.6959839,902.9890137,302.2780151,600.7109985,2,23.06049919,41.34550095,26.13389969,0.43599999,5.113999844,7.06799984,9.423999786,0.996765018,9.970089912,5089.399902,12594.90039,
186,4/10/2025,4,0.839999974,0.852,26,876.9420166,879.1749878,294.7539978,584.4199829,2,23.06019974,40.50999832,25.41300011,0.550000012,4.926000118,7.06799984,9.423999786,0.997253001,10.32260036,5092.169922,12603,
187,4/10/2025,4,0.939999998,0.852,26,964.6190186,967.0750122,303.0650024,664.0100098,2,25.48600006,41.88840103,26.1352005,0.592000008,4.785999775,7.06799984,9.423999786,0.996887028,10.17150021,5091.100098,12597.40039,
188,4/10/2025,4,0.911000013,0.852,26,939.9810181,942.3740234,302.9450073,639.4299927,2,24.5333004,41.64360046,26.14030075,0.513999999,4.754000187,7.06799984,9.423999786,0.997070014,10.27219963,5091.290039,12595.7998,
189,4/10/2025,4,0.987999976,0.852,26,1004.539978,1007.099976,302.8469849,704.2540283,2,27.04190063,40.95009995,26.1196003,0.822000027,5.211999893,7.06799984,9.423999786,0.997070014,10.22189999,5093.560059,12599.40039,
190,4/10/2025,4,0.959999979,0.852,26,981.3980103,983.8969727,300.5899963,683.3070068,2,26.35519981,41.24980164,25.99990082,0.512000024,4.771999836,7.06799984,9.423999786,0.997192025,10.37290001,5096.140137,12605.7998,
191,4/10/2025,4,0.904999971,0.852,26,935.1970215,937.5780029,298.7070007,638.8709717,2,24.7465992,40.72219849,25.8987999,0.93599999,5.052000046,7.06799984,9.423999786,0.996825993,10.07079983,5090.919922,12596.59961,
192,4/10/2025,4,0.860000014,0.852,26,897.3060303,899.5910034,296.4440002,603.1469727,2,23.65519905,40.15520096,25.57390022,0.68599999,5.271999836,7.06799984,9.423999786,0.997008979,10.27219963,5092.430176,12602.2002,
193,4/10/2025,4,0.963,0.852,26,983.8980103,986.4030151,297.3110046,689.0930176,2,26.73530006,40.94260025,25.85510063,0.702000022,4.756000042,7.06799984,9.423999786,0.996887028,10.07079983,5091.040039,12598.2002,
194,4/10/2025,4,0.837000012,0.852,26,873.9089966,876.1339722,295.125,581.0089722,2,23.00819969,40.46080017,25.3234005,0.763999999,4.995999813,7.06799984,9.423999786,0.997192025,10.47360039,5094.129883,12607.40039,
195,4/10/2025,4,0.867999971,0.852,26,904.3959961,906.6989746,297.1539917,609.5449829,2,23.91329956,40.43989944,25.57559967,0.688000023,4.972000122,7.06799984,9.423999786,0.996643007,9.970089912,5085.509766,12597.40039,
196,4/10/2025,4,0.966000021,0.852,25.5,986.3189697,986.3189697,294.8389893,691.4799805,2,27.29369926,39.90790176,25.40920067,0.779999971,5.265999794,7.06799984,9.423999786,0.997070014,10.27219963,5090.100098,12604.59961,
197,4/10/2025,4,0.921000004,0.852,25.5,948.815979,948.815979,292.375,656.440979,2,25.96520042,39.77099991,25.35580063,0.723999977,4.914000034,7.06799984,9.423999786,0.997070014,10.27219963,5089.850098,12603.7998,
198,4/10/2025,4,0.953000009,0.852,25.5,975.4790039,975.4790039,295.2250061,680.2540283,2,26.79500008,40.55899811,25.46349907,0.662,5.352000237,7.06799984,9.423999786,0.997008979,10.27219963,5088.779785,12602.2002,
199,4/10/2025,4,1.039999962,0.852,25.5,1047.949951,1047.949951,292.618988,755.3309937,2,29.52820015,39.69440079,25.66139984,0.558000028,5.147999763,7.06799984,9.423999786,0.996825993,10.12119961,5088.080078,12597.7998,
200,4/10/2025,4,0.927999973,0.852,25.5,953.9359741,953.9359741,293.1640015,660.7709961,2,26.02129936,39.80920029,25.47120094,0.663999975,5.09800005,7.06799984,9.423999786,0.996948004,10.12119961,5087.709961,12599.40039,
